{"mdsDat": {"x": [0.01715586865887648, -0.01715586865887648], "y": [0.0, 0.0], "topics": [1, 2], "cluster": [1, 1], "Freq": [55.41010168041679, 44.589898319583206]}, "tinfo": {"Term": ["27", "18", "53", "must", "80", "evil", "return", "take", "one", "dark", "crew", "past", "search", "town", "detective", "whose", "escape", "year", "zootopia", "chanakya", "sent", "gru", "another", "tba", "spider", "mother", "cabin", "next", "missing", "remains", "chanakya", "poacher", "li", "buzz", "installment", "butchers", "anna", "zootopia", "venom", "avenger", "karate", "toxic", "narnia", "substance", "stepsister", "problems", "dollars", "color", "woody", "ramayana", "fu", "bewitched", "tba", "eddie", "witcher", "kung", "thrives", "priestly", "book", "soo", "wears", "18", "spider", "franchise", "mother", "andy", "rider", "becomes", "stranger", "brutal", "s", "35", "10751", "plot", "12", "man", "story", "16", "however", "14", "love", "will", "28", "son", "10749", "new", "three", "young", "old", "family", "life", "53", "father", "two", "back", "world", "878", "one", "find", "first", "9648", "27", "must", "80", "jonas", "deathstalker", "margie", "baramulla", "squad", "remains", "elixir", "retired", "building", "malcolm", "gru", "networks", "hook", "commandos", "sonic", "waiting", "liz", "elite", "responsible", "magic", "dystopian", "survivor", "cabin", "jester", "witchcraft", "armed", "captains", "return", "yakushima", "detective", "crew", "kill", "evil", "27", "dark", "take", "80", "must", "search", "sent", "53", "another", "whose", "escape", "one", "next", "past", "town", "year", "28", "878", "s", "world", "missing", "family", "killer", "life", "new", "team", "daughter", "time", "14", "12", "find", "35", "young", "16", "10749", "two", "18", "man", "finds", "10751", "love", "now", "9648"], "Freq": [55.0, 94.0, 96.0, 45.0, 40.0, 12.0, 9.0, 13.0, 54.0, 11.0, 6.0, 19.0, 7.0, 14.0, 4.0, 8.0, 9.0, 15.0, 7.0, 4.0, 5.0, 3.0, 5.0, 8.0, 14.0, 15.0, 3.0, 4.0, 5.0, 2.0, 4.010651917369764, 3.2503158958045386, 3.2312837744032583, 3.843644489095514, 3.839636518685738, 2.518497958670409, 3.131562179351933, 6.255282941069094, 2.4990591939179905, 1.8722189011991461, 2.4926096311613404, 3.1150567465898575, 2.482990285647871, 1.8618637867255248, 1.858734495079815, 3.713318109945939, 1.853513956636827, 1.852779919916722, 3.698738278526605, 1.8474448371005967, 4.307516287740732, 1.842776450172732, 6.745833401745028, 3.0637523435146554, 1.8376148078913572, 4.281439146066492, 1.8343854793829075, 1.8329277993829824, 3.0540009146975686, 2.443225849238743, 2.433253776345613, 69.93220059476825, 10.847705513073269, 4.720526920232889, 11.86526402458369, 5.275997840346961, 3.0095971063813702, 8.938132587491014, 3.5684448119379315, 3.5640102774164717, 115.81193632755144, 53.41829544662059, 28.710596928768993, 7.807433683401732, 47.60165855850579, 28.433260100452877, 18.710000971017635, 33.57904025971324, 6.1797849908412426, 37.24077399328631, 20.42687778148204, 17.466533239839674, 55.29428716664307, 8.546091153833194, 23.823748547320644, 31.687198543256635, 9.37404473259043, 23.503531848870068, 14.640607061398958, 27.070103243196687, 26.26219168178839, 46.45394559267051, 13.169190397897585, 17.59675265316632, 13.705005157133286, 22.865204855866608, 23.550608936639485, 26.283106748121245, 17.759614397947022, 11.836199634947631, 13.799979548334587, 22.635612027738176, 19.37554838412665, 16.943270291987762, 1.71590606207371, 1.7059624756036336, 1.703403830811172, 1.6899852339150494, 1.689449772498049, 2.2506954079106456, 1.6729374178867156, 2.2302363559042395, 2.223859259601154, 1.6667873655883005, 2.77163977413509, 1.660044176074308, 1.6557465449682558, 1.651813613096106, 2.1999685847029786, 2.188258829367716, 1.6404915576153265, 1.6380148089719018, 1.6373037064522862, 1.635781309315829, 1.6348365414007702, 1.6323807024124188, 2.6916167816985657, 1.6143335791187101, 2.1488104998594264, 1.6066620009194659, 2.1391943237383715, 6.945195600689538, 1.602477456197935, 3.725464183547665, 4.720512500678499, 2.12423712472311, 8.9841706446504, 32.65538059113108, 7.587717239618923, 8.833096992769274, 23.304612115897694, 25.913271409317332, 5.337655742751248, 3.9874126754316204, 49.60983500956281, 3.9786044832320204, 5.660114685451637, 6.023265907890047, 27.900876309682772, 3.4923117716420657, 11.215377905538539, 8.632545521076858, 9.248398985925839, 42.890350074538304, 22.087061022684313, 67.04579417706698, 20.631245803888426, 3.8736066502817734, 20.930633033181007, 6.742169122824953, 20.286590565339296, 22.931274406496108, 10.105620266158693, 8.793583320588882, 9.62988588489797, 22.67815884990359, 26.34101046531146, 14.216432664982014, 26.526900086866522, 15.878881277142618, 19.11293720198666, 14.884432021629632, 12.285327046601457, 24.556558197729544, 14.123172815401377, 9.753855047896161, 12.478019275940348, 11.072932971317636, 9.504509502113347, 9.528000105611122], "Total": [55.0, 94.0, 96.0, 45.0, 40.0, 12.0, 9.0, 13.0, 54.0, 11.0, 6.0, 19.0, 7.0, 14.0, 4.0, 8.0, 9.0, 15.0, 7.0, 4.0, 5.0, 3.0, 5.0, 8.0, 14.0, 15.0, 3.0, 4.0, 5.0, 2.0, 4.488600543979182, 3.7337695989769246, 3.7320884836025403, 4.476147745976154, 4.475797004924031, 2.9802730542042424, 3.723971216191427, 7.447193221254672, 2.978837720278786, 2.234424658733995, 2.9785761521321525, 3.7232127139796605, 2.977751015486453, 2.233606742871746, 2.2331407314174267, 4.46561465389774, 2.2328043834670765, 2.2325892111252577, 4.463833012483793, 2.232038997940172, 5.207455993288205, 2.231584777745192, 8.181146268123793, 3.7194506807680345, 2.2313344213844877, 5.2054938696863635, 2.2310873759926393, 2.2306409391861934, 3.717457169600932, 2.974388110470756, 2.973651222358534, 94.48875879249779, 14.064345089218314, 5.932942602160286, 15.533233975059236, 6.673594655016691, 3.7144579197104686, 11.826034748505679, 4.45375551293123, 4.4534630939562145, 182.85773050461842, 79.94519553348711, 41.18861620470934, 10.349539112947395, 73.94266902381725, 42.55643291585425, 27.192041582831358, 52.6919774616999, 8.134960758659352, 59.9189328431899, 31.499810752799675, 26.398357260002733, 98.18463724118138, 11.797618140973679, 38.708180568950276, 54.61847294975274, 13.251887678990041, 39.382413126012686, 22.70363142832661, 48.000736276377694, 46.54878224712769, 96.06378060223332, 20.503392009523587, 29.88207969976778, 21.93246165757985, 43.496450659755034, 45.6376699593238, 54.183983057804014, 31.976047062929034, 18.309840694425585, 23.32797965394571, 55.290992618869254, 45.28881979344398, 40.247882407885456, 2.116335543366275, 2.1173580649140544, 2.1173366104660856, 2.118294523313728, 2.118478130980173, 2.8244110380594316, 2.1195612753132713, 2.826310008345401, 2.8264307609902883, 2.1206032942280935, 3.5342089237839804, 2.1211040619300094, 2.121252495568233, 2.1212639284166173, 2.8289396950776853, 2.8299457184732013, 2.1226844472548505, 2.122916597250621, 2.123376813798087, 2.1229601812694163, 2.1233135648724133, 2.1234672913830366, 3.5405963442841943, 2.124933852223798, 2.8334642500292526, 2.1253128596450552, 2.8345947828975446, 9.210195602046763, 2.1261262605204156, 4.959890812592998, 6.384096837818248, 2.8356142503698765, 12.806445354400605, 55.290992618869254, 11.417029607621888, 13.576475190648047, 40.247882407885456, 45.28881979344398, 7.84064019261675, 5.692962151695774, 96.06378060223332, 5.693357026073241, 8.567503999253587, 9.290053457775736, 54.183983057804014, 4.981379636431895, 19.403513779247515, 14.345964720664574, 15.804864338744169, 98.18463724118138, 45.6376699593238, 182.85773050461842, 43.496450659755034, 5.702769209391628, 48.000736276377694, 11.491569886288683, 46.54878224712769, 54.61847294975274, 19.500852026769426, 16.59516636323037, 18.786732833019464, 59.9189328431899, 73.94266902381725, 31.976047062929034, 79.94519553348711, 39.382413126012686, 52.6919774616999, 38.708180568950276, 29.88207969976778, 94.48875879249779, 42.55643291585425, 21.040133426781722, 41.18861620470934, 31.499810752799675, 22.57089145319506, 23.32797965394571],